name,user,email,date,tour_date,tour_time
Springs RV Resort Tour ,Springs RV Resort,sales@springsrv.com,2025-04-17T17:27:49.086008,2023-09-10,18:00
Springs RV Resort Sales Meeting ,Springs RV Resort,sales@springsrv.com,2025-04-17T17:27:49.349393,2024-02-22,19:00
Springs RV Resort Sales Meeting ,Springs RV Resort,sales@springsrv.com,2025-04-17T17:27:49.381513,2024-02-23,23:00
Springs RV Resort Sales Meeting ,Springs RV Resort,sales@springsrv.com,2025-04-17T17:27:49.408798,2024-03-03,22:00
Springs RV Resort Sales Meeting ,Springs RV Resort,sales@springsrv.com,2025-04-17T17:27:49.440899,2024-02-24,19:00
Springs RV Resort Sales Meeting ,Springs RV Resort,sales@springsrv.com,2025-04-17T17:27:49.461285,2024-02-24,21:00
Springs RV Resort Sales Meeting ,Springs RV Resort,sales@springsrv.com,2025-04-17T17:27:49.480694,2024-02-24,22:00
Springs RV Resort Sales Meeting ,Springs RV Resort,sales@springsrv.com,2025-04-17T17:27:49.507515,2024-02-24,20:30
Springs RV Resort Sales Meeting ,Springs RV Resort,sales@springsrv.com,2025-04-17T17:27:49.526551,2024-02-24,23:30
Springs RV Resort Sales Meeting ,Springs RV Resort,sales@springsrv.com,2025-04-17T17:27:49.543940,2024-03-02,23:00
Springs RV Resort Sales Meeting ,Springs RV Resort,sales@springsrv.com,2025-04-17T17:27:49.561445,2024-02-28,21:30
Springs RV Resort Sales Meeting ,Springs RV Resort,sales@springsrv.com,2025-04-17T17:27:49.579086,2024-02-29,20:00
Springs RV Resort Sales Meeting ,Springs RV Resort,sales@springsrv.com,2025-04-17T17:27:49.597695,2024-02-26,18:00
Springs RV Resort Sales Meeting ,Springs RV Resort,sales@springsrv.com,2025-04-17T17:27:49.615653,2024-03-09,19:00
Springs RV Resort Sales Meeting ,Springs RV Resort,sales@springsrv.com,2025-04-17T17:27:49.635116,2024-03-03,23:30
Springs RV Resort Sales Meeting ,Springs RV Resort,sales@springsrv.com,2025-04-17T17:27:49.655619,2024-03-02,21:00
Springs RV Resort Sales Meeting ,Springs RV Resort,sales@springsrv.com,2025-04-17T17:27:49.677508,2024-03-03,19:30
Springs RV Resort Sales Meeting ,Springs RV Resort,sales@springsrv.com,2025-04-17T17:27:49.700180,2024-03-02,19:00
Springs RV Resort Sales Meeting ,Springs RV Resort,sales@springsrv.com,2025-04-17T17:27:49.730902,2024-03-11,20:30
Springs RV Resort Sales Meeting ,Springs RV Resort,sales@springsrv.com,2025-04-17T17:27:49.759979,2024-03-09,23:30
Springs RV Resort Tour ,Springs RV Resort,sales@springsrv.com,2025-04-29T09:25:21.647590,2023-09-10,18:00
Springs RV Resort Sales Meeting ,Springs RV Resort,sales@springsrv.com,2025-04-29T09:25:22.168894,2024-02-22,19:00
Springs RV Resort Sales Meeting ,Springs RV Resort,sales@springsrv.com,2025-04-29T09:25:22.184438,2024-02-23,23:00
Springs RV Resort Sales Meeting ,Springs RV Resort,sales@springsrv.com,2025-04-29T09:25:22.205248,2024-03-03,22:00
Springs RV Resort Sales Meeting ,Springs RV Resort,sales@springsrv.com,2025-04-29T09:25:22.222770,2024-02-24,19:00
Springs RV Resort Sales Meeting ,Springs RV Resort,sales@springsrv.com,2025-04-29T09:25:22.277097,2024-02-24,21:00
Springs RV Resort Sales Meeting ,Springs RV Resort,sales@springsrv.com,2025-04-29T09:25:22.303069,2024-02-24,22:00
Springs RV Resort Sales Meeting ,Springs RV Resort,sales@springsrv.com,2025-04-29T09:25:22.324129,2024-02-24,20:30
Springs RV Resort Sales Meeting ,Springs RV Resort,sales@springsrv.com,2025-04-29T09:25:22.345573,2024-02-24,23:30
Springs RV Resort Sales Meeting ,Springs RV Resort,sales@springsrv.com,2025-04-29T09:25:22.371827,2024-03-02,23:00
Springs RV Resort Sales Meeting ,Springs RV Resort,sales@springsrv.com,2025-04-29T09:25:22.391015,2024-02-28,21:30
Springs RV Resort Sales Meeting ,Springs RV Resort,sales@springsrv.com,2025-04-29T09:25:22.409871,2024-02-29,20:00
Springs RV Resort Sales Meeting ,Springs RV Resort,sales@springsrv.com,2025-04-29T09:25:22.431478,2024-02-26,18:00
Springs RV Resort Sales Meeting ,Springs RV Resort,sales@springsrv.com,2025-04-29T09:25:22.453908,2024-03-09,19:00
Springs RV Resort Sales Meeting ,Springs RV Resort,sales@springsrv.com,2025-04-29T09:25:22.473938,2024-03-03,23:30
Springs RV Resort Sales Meeting ,Springs RV Resort,sales@springsrv.com,2025-04-29T09:25:22.495534,2024-03-02,21:00
Springs RV Resort Sales Meeting ,Springs RV Resort,sales@springsrv.com,2025-04-29T09:25:22.515844,2024-03-03,19:30
Springs RV Resort Sales Meeting ,Springs RV Resort,sales@springsrv.com,2025-04-29T09:25:22.537466,2024-03-02,19:00
Springs RV Resort Sales Meeting ,Springs RV Resort,sales@springsrv.com,2025-04-29T09:25:22.558079,2024-03-11,20:30
Springs RV Resort Sales Meeting ,Springs RV Resort,sales@springsrv.com,2025-04-29T09:25:22.579022,2024-03-09,23:30
